,Student_Number,SchoolID,First_Name,Middle_Name,Last_Name,Grade_Level,Home_Phone,Gender,Ethnicity,FedEthnicity,DOB,FTEID,Enroll_Status,EntryDate,ExitDate,Districtentrydate,Schoolentrydate,EntryCode,Street,City,State,Zip,Mailing_Street,Mailing_City,Mailing_State,Mailing_Zip,State_StudentNumber,Sched_NextYearGrade,Next_School,Sched_Scheduled,Sched_YearOfGraduation,TransferComment,Family_Ident,home_room,
Required,X,X,X,,X,X,,,,,,X,X,X,X,,,,,,,,,,,,,X,X,,,,,,
Recommended,,,,X,,,X,X,X,x,X,,,,,X,X,X,X,X,X,X,X,X,X,X,X,,,X,X,X,X,X,
Example,12345,5525,William,Joe,Smith,1,123-456-1221,M or F,C,0,mm/dd/yyyy,"1,  2 or some other number**",0,mm/dd/yyyy,mm/dd/yyyy,mm/dd/yyyy,mm/dd/yyyy,ER,2130 Oak Drive,Folsom,CA,12345,123 J Street,South City,CA,95555,9171234567,10,300,1,"2012,2013, and so on",Transferred from Apple Grove HS,5,Barker,
Description,"Unique identifier for the student. 
1)  Integer Only, No Alpha Characters. 
2) Leading zeros will be dropped.                        3) Maximum digits is 13. ",SchoolID is used to ensure student is placed into the correct school in a district. (Must be used when importing students at the District level and must match a school number in PowerSchool.),"First Name of  student.  
Up to 50 characters. (State reporting may impact the number of characters. Please check the guide.)",Middle Name of student. Up to 30 characters. (State reporting may impact the number of characters. Please check the guide.),Last Name of  student. Up to 50 characters. (State reporting may impact the number of characters. Please check the guide.),"Grade level for the student for your go-live year.

Kindergarten=0 
PK4 = -1
PK3 = -2
Imports will accept -3 and -4 for grade levels lower than PK4 and PK3.",Student's home phone number.  Should be formatted the same for all students in order for Family Management to use this field for matching. Default format: 123-456-1221,"Students gender.  Must be either M or F, unless further codes are defined in District Setup.","Scheduling/Reporting Ethnicity is used for the Enrollment Summary screen in PowerSchool. Additional set up may be necessary for Federal Ethnicity. Students ethnicity must match a value defined as an Ethnicity Code in the District setup, for example C = Caucasian. If some students have an ethnicity defined, all must have an ethnicity code.

There is a 4-character max for the code.",Ethnicity: Is the student Hispanic or Latino?                           0=No                                   1=Yes,Students Date of Birth. Date format must match the Default Locale.,Full-Time Equivalency.  **Identify each student has Fulltime (FT) or Halftime (PT) and that value will be translated before import. Ask your Project Manager for assistance on this system generated field information.,"Lets the application know if the student is active.                    -1=Preregistered 0=Active   
1=Inactive           2=Transferred Out      3=Graduated",Date student began school in the current full year term. Date format must match the Default Locale.,Day after the last day of current the school year. Date format must match the Default Locale.,First date student attended school in the district. Date format must match the Default Locale.,First date student attended school in the school. Date format must match the Default Locale.,**Entry Code  must match a value defined as an Entry Code in PowerSchool.,Student's physical street address. **Character limit is 80.,Student's physical city address.,Student's physical state address. **Verify foreign addresses are added to the code sets.,Student's physical zip code.,Student's mailing street address.,Student's mailing city address.,Student's mailing state address.,Student's mailing zip code.,Student's assigned number from the state department of education. **This number should be different than the PowerSchool Student_Number.,"Next Grade Level Indicator.  Use this field to set the grade level a student will be for the next year.  Needs to be set before the end of year process.  Enter 99 for students currently in the highest grade level in the ""district"". For all other students enter the next year's grade level. **If the student isn't returning next school year, leave this field blank.","Next School Indicator.  Lets the application know what school the student will promote to during the End-of-Year Process. Must match the School Number in PowerSchool. For students who are attending this district's LAST grade level, enter a ""999999"" in this field.",Schedule this Student.  This field becomes a checkbox in PowerSchool.  Having the field checked (with a value of 1) allows PowerScheduler to schedule the student.  It is recommended as  a best practice to have this as a value for all students.,Scheduled year of graduation.  This field is useful in PowerScheduler.  It is recommended as a best practice to have this field identified for all students. **Will only take a 4 digit year.,Entry Comment. **No hard returns in the data.,Unique number per family assigned to all members of the same family.  Optional - Can be used in place of phone number to identify family members that should be linked. **Not linked to other Family tools. This is a District responsibility to set up.,Students HomeRoom.   This text field is particularly useful for elementary schools when mass enrolling students. **Not connected to the student's actual schedule.,
,,1983,Bob,,Clark,11,,,,,09/25/1999,,3,09/01/2024,07/01/2025,,,100,,,MB,A1B 2C3,,,,,MET,12,1983,,2025,,88,,
MS,,100,,,,8,,,,,,,,,Last day +1,,,,,,,,,,,,,9,100,,,,88,,
,,,,,,,,,,,,,,,,,,,,,,,,,,,,,,,,,,,
